{"stats":{"minecraft:mined":{"minecraft:grass":5,"minecraft:grass_block":4,"minecraft:dirt":1},"minecraft:picked_up":{"minecraft:wheat_seeds":1,"minecraft:dirt":5},"minecraft:used":{"minecraft:dirt":4},"minecraft:custom":{"minecraft:jump":9,"minecraft:time_since_rest":1201,"minecraft:leave_game":1,"minecraft:sprint_one_cm":2181,"minecraft:play_time":1201,"minecraft:time_since_death":1201,"minecraft:walk_one_cm":1397,"minecraft:total_world_time":1201,"minecraft:fly_one_cm":1602}},"DataVersion":3465}